City_ID,City,Lat,Lng,Max Temp,Humidity,Cloudiness,Wind Speed,Country,Date
0,Rikitea,-23.1203,-134.9692,76.03,70,91,17.52,PF,2021-12-10 18:04:24
1,Saskylakh,71.9167,114.0833,-11.67,97,100,8.52,RU,2021-12-10 18:04:25
2,Port Elizabeth,-33.918,25.5701,74.1,92,36,4.88,ZA,2021-12-10 18:00:16
3,Sao Joao Da Barra,-21.6403,-41.0511,84.29,73,12,12.12,BR,2021-12-10 18:04:25
4,Lobito,-12.3481,13.5456,78.85,81,7,6.44,AO,2021-12-10 18:04:26
5,Moose Factory,51.2585,-80.6094,24.78,74,75,14.97,CA,2021-12-10 18:04:26
6,Hasaki,35.7333,140.8333,36.0,72,20,9.46,JP,2021-12-10 18:04:26
7,Mataura,-46.1927,168.8643,55.47,94,99,1.7,NZ,2021-12-10 18:04:27
8,Barrow,71.2906,-156.7887,-2.18,84,90,5.75,US,2021-12-10 18:04:27
9,Jamestown,42.097,-79.2353,51.39,70,1,9.22,US,2021-12-10 18:04:27
10,Bluff,-46.6,168.3333,55.8,80,100,9.1,NZ,2021-12-10 18:04:28
11,Sorland,67.667,12.6934,37.26,61,100,5.95,NO,2021-12-10 18:04:28
12,Padang,-0.9492,100.3543,78.85,89,97,3.53,ID,2021-12-10 18:00:29
13,Punta Arenas,-53.15,-70.9167,60.82,51,0,13.8,CL,2021-12-10 18:04:09
14,Albany,42.6001,-73.9662,44.94,64,96,5.95,US,2021-12-10 18:00:11
15,Norman Wells,65.282,-126.8329,-1.03,94,55,9.55,CA,2021-12-10 18:04:29
16,Severo-Kurilsk,50.6789,156.125,32.31,83,11,2.55,RU,2021-12-10 18:04:29
17,Lamu,-2.2717,40.902,82.62,80,22,10.63,KE,2021-12-10 18:04:29
18,Fairbanks,64.8378,-147.7164,12.6,84,100,1.01,US,2021-12-10 18:00:02
19,Vaini,-21.2,-175.2,78.19,76,11,15.79,TO,2021-12-10 18:04:30
20,Victoria,22.2855,114.1577,70.25,76,59,11.01,HK,2021-12-10 18:00:02
21,Ordynskoye,54.3656,81.8994,11.32,92,97,7.16,RU,2021-12-10 18:04:30
22,Hilo,19.7297,-155.09,73.8,43,75,6.91,US,2021-12-10 18:04:31
23,Granada,37.25,-3.25,48.87,86,100,7.4,ES,2021-12-10 18:04:31
24,Araceli,10.5529,119.9913,81.05,80,99,22.97,PH,2021-12-10 18:04:31
25,Tuktoyaktuk,69.4541,-133.0374,-7.44,98,63,8.03,CA,2021-12-10 18:04:32
26,Cherskiy,68.75,161.3,-38.96,96,100,5.01,RU,2021-12-10 18:04:32
27,Ushuaia,-54.8,-68.3,54.61,63,100,4.81,AR,2021-12-10 18:03:53
28,Qaanaaq,77.484,-69.3632,-0.06,76,95,6.22,GL,2021-12-10 18:04:32
29,Yemtsa,63.0734,40.3329,4.62,96,44,5.99,RU,2021-12-10 18:04:33
30,Butaritari,3.0707,172.7902,82.22,75,90,12.15,KI,2021-12-10 18:04:33
31,Mogadishu,2.0371,45.3438,79.03,77,74,20.24,SO,2021-12-10 18:04:33
32,Pangkalanbuun,-2.6833,111.6167,74.98,95,100,2.28,ID,2021-12-10 18:04:34
33,Nizhniy Odes,63.6445,54.856,14.5,92,97,10.18,RU,2021-12-10 18:04:34
34,Pangnirtung,66.1451,-65.7125,-10.23,88,91,5.01,CA,2021-12-10 18:04:34
35,Boa Vista,2.8197,-60.6733,91.38,49,75,11.5,BR,2021-12-10 18:04:35
36,Thompson,55.7435,-97.8558,8.76,78,75,3.44,CA,2021-12-10 18:04:35
37,Busselton,-33.65,115.3333,57.09,86,17,4.63,AU,2021-12-10 18:04:35
38,Juegang,32.3174,121.1855,47.91,83,95,7.74,CN,2021-12-10 18:04:36
39,Samarai,-10.6167,150.6667,81.45,79,95,14.92,PG,2021-12-10 18:04:36
40,Tasiilaq,65.6145,-37.6368,29.46,89,100,26.11,GL,2021-12-10 18:04:36
41,Ribeira Grande,38.5167,-28.7,64.8,88,40,9.22,PT,2021-12-10 18:04:37
42,Hammerfest,70.6634,23.6821,27.05,74,0,10.36,NO,2021-12-10 18:02:11
43,Quepem,15.2167,74.0667,77.52,68,62,4.88,IN,2021-12-10 18:04:37
44,Mar Del Plata,-38.0023,-57.5575,66.87,87,100,23.0,AR,2021-12-10 18:02:43
45,Faya,18.3851,42.4509,54.12,27,3,6.87,SA,2021-12-10 18:04:38
46,Cape Town,-33.9258,18.4232,72.09,59,38,5.01,ZA,2021-12-10 18:01:25
47,Saldanha,-33.0117,17.9442,63.27,91,48,9.19,ZA,2021-12-10 18:04:38
48,Pundaguitan,6.3711,126.1689,81.77,78,77,8.84,PH,2021-12-10 18:05:39
49,Alenquer,-1.9417,-54.7383,88.14,58,88,3.89,BR,2021-12-10 18:05:39
50,Bredasdorp,-34.5322,20.0403,63.28,74,82,8.57,ZA,2021-12-10 18:05:39
51,Vila Franca Do Campo,37.7167,-25.4333,66.2,71,84,4.88,PT,2021-12-10 18:05:40
52,Henties Bay,-22.116,14.2845,61.86,81,3,8.55,NA,2021-12-10 18:05:40
53,Phan Thiet,10.9333,108.1,71.4,81,77,3.42,VN,2021-12-10 18:01:54
54,Vestmannaeyjar,63.4427,-20.2734,40.19,87,20,13.8,IS,2021-12-10 18:05:41
55,Sao Filipe,14.8961,-24.4956,76.51,65,41,9.75,CV,2021-12-10 18:05:41
56,Lorengau,-2.0226,147.2712,83.52,82,72,17.6,PG,2021-12-10 18:05:41
57,Matagami,49.7502,-77.6328,23.11,86,90,9.22,CA,2021-12-10 18:05:42
58,Provideniya,64.3833,-173.3,-8.27,90,24,10.98,RU,2021-12-10 18:05:42
59,Chipiona,36.7366,-6.437,61.02,77,90,9.22,ES,2021-12-10 18:01:08
60,Port Alfred,-33.5906,26.891,73.56,87,50,14.23,ZA,2021-12-10 18:05:43
61,Puerto Ayora,-0.7393,-90.3518,76.96,92,92,5.01,EC,2021-12-10 18:05:44
62,Valparaiso,-33.0393,-71.6273,63.52,83,90,12.66,CL,2021-12-10 18:05:44
63,Bemidji,47.4736,-94.8803,26.56,75,1,0.0,US,2021-12-10 18:05:44
64,Kapaa,22.0752,-159.319,75.18,80,90,6.91,US,2021-12-10 18:05:45
65,Airai,-8.9266,125.4092,62.04,89,99,0.92,TL,2021-12-10 18:05:45
66,San Patricio,28.017,-97.5169,89.58,57,23,25.1,US,2021-12-10 18:05:45
67,Camacha,33.0833,-16.3333,62.53,68,40,18.41,PT,2021-12-10 18:05:46
68,Matara,5.9485,80.5353,76.08,88,88,8.86,LK,2021-12-10 18:05:46
69,Carnarvon,-24.8667,113.6333,71.67,73,0,19.57,AU,2021-12-10 18:05:46
70,Mount Isa,-20.7333,139.5,69.57,17,0,6.91,AU,2021-12-10 18:05:47
71,Berberati,4.2612,15.7922,79.09,36,25,2.48,CF,2021-12-10 18:05:47
72,Narsaq,60.9167,-46.05,35.82,61,100,10.49,GL,2021-12-10 18:05:47
73,Avera,33.194,-82.5271,55.06,93,100,4.7,US,2021-12-10 18:05:48
74,Lethem,3.3803,-59.7968,91.54,47,100,8.57,GY,2021-12-10 18:05:48
75,Mount Gambier,-37.8333,140.7667,51.42,75,79,7.67,AU,2021-12-10 18:05:49
76,Lavrentiya,65.5833,-171.0,-11.02,81,92,9.24,RU,2021-12-10 18:05:49
77,Pevek,69.7008,170.3133,-28.35,98,100,3.51,RU,2021-12-10 18:05:50
78,Yulara,-25.2406,130.9889,71.44,24,3,8.05,AU,2021-12-10 18:05:50
79,Hermanus,-34.4187,19.2345,65.89,88,55,11.34,ZA,2021-12-10 18:01:34
80,Kruisfontein,-34.0033,24.7314,71.89,89,35,1.88,ZA,2021-12-10 18:05:50
81,Vestnes,62.6264,7.0884,36.12,68,0,9.22,NO,2021-12-10 18:05:51
82,Khatanga,71.9667,102.5,-34.49,100,100,5.23,RU,2021-12-10 18:05:51
83,Tiksi,71.6872,128.8694,-4.45,91,100,10.87,RU,2021-12-10 18:05:51
84,Guerrero Negro,27.9769,-114.0611,65.39,66,49,15.23,MX,2021-12-10 18:05:52
85,Baykit,61.67,96.37,-21.3,100,58,2.55,RU,2021-12-10 18:05:52
86,Bairiki,1.3292,172.9752,80.6,83,75,10.36,KI,2021-12-10 18:05:52
87,Hongjiang,27.11,109.9956,55.81,80,100,2.91,CN,2021-12-10 18:05:53
88,Castro,-24.7911,-50.0119,78.12,37,0,6.4,BR,2021-12-10 18:05:53
89,Hobart,-42.8794,147.3294,53.46,85,90,1.01,AU,2021-12-10 18:05:54
90,Bathsheba,13.2167,-59.5167,84.81,61,40,19.57,BB,2021-12-10 18:06:54
91,Warmbad,-28.45,18.7333,77.7,19,0,20.54,NA,2021-12-10 18:06:54
92,Necochea,-38.5473,-58.7368,75.04,66,100,7.11,AR,2021-12-10 18:06:55
93,Itoman,26.1247,127.6694,68.02,68,75,2.3,JP,2021-12-10 18:06:55
94,Asau,46.4333,26.4,40.28,85,100,2.53,RO,2021-12-10 18:06:55
95,Belaya Gora,68.5333,146.4167,-46.3,99,88,2.57,RU,2021-12-10 18:06:50
96,Teopantlan,18.7167,-98.2667,80.24,30,34,5.95,MX,2021-12-10 18:06:56
97,Puerto Escondido,15.85,-97.0667,86.07,63,11,7.52,MX,2021-12-10 18:02:10
98,Bethel,41.3712,-73.414,52.38,66,75,6.91,US,2021-12-10 18:06:56
99,Cooma,-36.2333,149.1333,46.17,100,90,14.97,AU,2021-12-10 18:06:57
100,Baruun-Urt,46.6806,113.2792,12.54,90,100,8.97,MN,2021-12-10 18:06:57
101,Chaihe,44.7667,129.7,17.58,89,28,5.12,CN,2021-12-10 18:06:57
102,Meulaboh,4.1363,96.1285,77.56,85,92,2.82,ID,2021-12-10 18:06:58
103,Kenai,60.5544,-151.2583,25.14,93,90,9.22,US,2021-12-10 18:02:47
104,Mahebourg,-20.4081,57.7,78.26,70,81,11.88,MU,2021-12-10 18:06:58
105,Bijie,27.3125,105.2942,41.74,94,100,5.35,CN,2021-12-10 18:06:59
106,Arraial Do Cabo,-22.9661,-42.0278,78.66,65,20,12.66,BR,2021-12-10 18:06:59
107,Ornskoldsvik,63.2909,18.7153,32.95,100,90,8.05,SE,2021-12-10 18:06:34
108,Araouane,18.9048,-3.5265,75.11,9,100,9.51,ML,2021-12-10 18:06:59
109,Weiser,44.251,-116.9693,34.0,79,52,3.76,US,2021-12-10 18:07:00
110,Cabo San Lucas,22.8909,-109.9124,81.52,56,75,3.0,MX,2021-12-10 18:03:56
111,Torbay,47.6666,-52.7314,27.75,76,79,10.0,CA,2021-12-10 18:05:28
112,Indramayu,-6.3264,108.32,80.53,80,97,8.41,ID,2021-12-10 18:07:00
113,Waipawa,-41.4122,175.5153,63.45,76,99,9.64,NZ,2021-12-10 18:07:01
114,Namibe,-15.1961,12.1522,72.46,67,34,13.53,AO,2021-12-10 18:07:01
115,Cayenne,4.9333,-52.3333,82.44,88,75,1.01,GF,2021-12-10 18:07:01
116,Uji,34.8833,135.8,50.09,86,12,1.95,JP,2021-12-10 18:07:02
117,Pisco,-13.7,-76.2167,73.02,73,75,10.36,PE,2021-12-10 18:07:02
118,Ahipara,-35.1667,173.1667,63.61,95,76,5.57,NZ,2021-12-10 18:07:02
119,Esperance,-33.8667,121.9,62.98,83,2,12.24,AU,2021-12-10 18:07:03
120,Tual,-5.6667,132.75,83.88,76,100,17.67,ID,2021-12-10 18:07:03
121,Vaitape,-16.5167,-151.75,81.23,69,69,14.45,PF,2021-12-10 18:07:04
122,Okhotsk,59.3833,143.3,-12.55,86,1,9.35,RU,2021-12-10 18:07:04
123,New Norfolk,-42.7826,147.0587,53.1,78,64,1.45,AU,2021-12-10 18:07:04
124,Richards Bay,-28.783,32.0377,76.86,85,25,12.91,ZA,2021-12-10 18:07:05
125,East London,-33.0153,27.9116,76.14,78,75,6.91,ZA,2021-12-10 18:07:05
126,Santiago,-33.4569,-70.6483,79.18,34,0,9.28,CL,2021-12-10 18:02:25
127,Atambua,-9.1061,124.8925,75.49,84,98,2.64,ID,2021-12-10 18:07:05
128,Trairi,-3.2778,-39.2689,86.77,58,88,12.95,BR,2021-12-10 18:06:20
129,Lompoc,34.6391,-120.4579,59.41,66,1,9.22,US,2021-12-10 18:03:24
130,Berezovyy,51.6667,135.7,19.9,97,100,2.26,RU,2021-12-10 18:07:06
131,Arak,34.0917,49.6892,43.74,57,0,1.63,IR,2021-12-10 18:07:06
132,Vieques,18.425,-65.8329,86.67,65,40,8.05,PR,2021-12-10 18:07:07
133,Kavieng,-2.5744,150.7967,82.29,81,100,12.17,PG,2021-12-10 18:07:07
134,Ponta Do Sol,32.6667,-17.1,67.71,76,18,9.35,PT,2021-12-10 18:07:07
135,Morehead,37.2711,-87.1764,62.31,91,90,3.0,US,2021-12-10 18:07:08
136,Nargana,9.4428,-78.5906,82.71,75,19,15.79,PA,2021-12-10 18:07:08
137,Rojhan,28.6868,69.9534,62.74,27,7,1.88,PK,2021-12-10 18:08:08
138,Kingsland,30.8,-81.6898,80.73,77,59,4.12,US,2021-12-10 18:08:09
139,Altay,47.8667,88.1167,2.95,64,2,6.42,CN,2021-12-10 18:05:29
140,Villa Carlos Paz,-31.4241,-64.4978,69.24,50,59,8.12,AR,2021-12-10 18:08:09
141,Georgetown,5.4112,100.3354,79.9,87,20,1.01,MY,2021-12-10 18:08:09
142,Acapulco,16.8634,-99.8901,85.82,70,40,9.22,MX,2021-12-10 18:03:11
143,Yenagoa,4.9247,6.2642,82.33,67,80,8.08,NG,2021-12-10 18:08:10
144,Qasigiannguit,68.8193,-51.1922,7.7,68,50,7.14,GL,2021-12-10 18:08:10
145,Faanui,-16.4833,-151.75,81.25,69,70,14.58,PF,2021-12-10 18:08:11
146,Dikson,73.5069,80.5464,-23.15,90,98,4.38,RU,2021-12-10 18:08:11
147,Santa Luzia,-19.7697,-43.8514,86.9,45,26,5.88,BR,2021-12-10 18:08:11
148,Lebu,-37.6167,-73.65,62.28,74,37,9.71,CL,2021-12-10 18:08:12
149,Las Choapas,17.9333,-94.0833,78.85,78,34,4.52,MX,2021-12-10 18:05:31
150,Kulhudhuffushi,6.6221,73.07,82.29,77,25,9.6,MV,2021-12-10 18:08:12
151,La Ronge,55.1001,-105.2842,12.34,91,52,7.18,CA,2021-12-10 18:08:12
152,Roald,62.5833,6.1333,36.34,60,0,6.91,NO,2021-12-10 18:08:13
153,Anuradhapura,8.3565,80.4173,73.2,96,73,4.74,LK,2021-12-10 18:08:13
154,Hualmay,-11.0964,-77.6139,70.7,78,99,8.75,PE,2021-12-10 18:08:13
155,Vao,-22.6667,167.4833,78.12,84,96,18.21,NC,2021-12-10 18:08:14
156,Lagoa,39.05,-27.9833,63.45,77,12,13.4,PT,2021-12-10 18:08:14
157,Dzhebariki-Khaya,62.2167,135.8,-10.07,99,100,1.59,RU,2021-12-10 18:08:15
158,Nikolskoye,59.7035,30.7861,12.79,81,48,10.65,RU,2021-12-10 18:08:15
159,Aksarka,66.5606,67.7975,9.79,94,100,12.48,RU,2021-12-10 18:08:15
160,Barra Do Garcas,-15.89,-52.2567,87.33,56,82,3.11,BR,2021-12-10 18:08:16
161,Puri,19.8,85.85,72.12,77,0,6.87,IN,2021-12-10 18:08:16
162,Domoni,-12.2569,44.5319,79.12,81,51,6.53,KM,2021-12-10 18:08:17
163,Gorodishche,48.8045,44.4744,32.88,86,90,11.18,RU,2021-12-10 18:08:17
164,Bauchi,10.5,10.0,74.62,21,93,6.4,NG,2021-12-10 18:08:18
165,Dali,25.7,100.1833,49.5,89,20,4.54,CN,2021-12-10 18:08:18
166,Owosso,42.9978,-84.1766,46.72,81,1,3.0,US,2021-12-10 18:08:18
167,Rocha,-34.4833,-54.3333,76.68,44,76,13.71,UY,2021-12-10 18:08:19
168,Taoudenni,22.6783,-3.9836,70.39,19,98,9.6,ML,2021-12-10 18:08:19
169,Pyaozerskiy,65.8333,31.1667,12.72,86,100,7.47,RU,2021-12-10 18:08:19
170,Ibra,22.6906,58.5334,63.39,55,19,0.43,OM,2021-12-10 18:08:20
171,Taloqan,36.7361,69.5345,46.99,13,2,3.06,AF,2021-12-10 18:08:20
172,Mandalgovi,45.7625,106.2708,10.06,52,23,8.86,MN,2021-12-10 18:08:21
173,Emba,48.8264,58.1442,26.67,68,97,8.88,KZ,2021-12-10 18:08:21
174,Saquena,-4.6667,-73.5167,83.35,82,95,4.12,PE,2021-12-10 18:08:22
175,Kenora,49.8167,-94.4337,19.78,73,28,10.0,CA,2021-12-10 18:08:22
176,Hithadhoo,-0.6,73.0833,81.48,79,86,8.97,MV,2021-12-10 18:08:22
177,Mehamn,71.0357,27.8492,30.38,68,0,6.91,NO,2021-12-10 18:08:23
178,Villa Rica,33.7321,-84.9191,55.26,98,100,6.06,US,2021-12-10 18:08:23
179,Broken Hill,-31.95,141.4333,60.03,31,13,8.77,AU,2021-12-10 18:08:23
180,Kilemary,56.7783,46.8659,3.33,92,6,6.02,RU,2021-12-10 18:08:24
181,Saint-Philippe,-21.3585,55.7679,78.39,75,80,12.01,RE,2021-12-10 18:08:24
182,Nizhnyaya Omka,55.4338,74.9426,14.9,75,77,12.48,RU,2021-12-10 18:08:24
183,Atuona,-9.8,-139.0333,77.97,72,40,13.58,PF,2021-12-10 18:09:25
184,Ancud,-41.8697,-73.8203,70.43,64,59,9.95,CL,2021-12-10 18:09:25
185,Namatanai,-3.6667,152.4333,79.02,85,100,3.74,PG,2021-12-10 18:09:25
186,Port Hawkesbury,45.6169,-61.3485,29.91,76,69,4.0,CA,2021-12-10 18:09:26
187,Nome,64.5011,-165.4064,-13.95,91,64,7.38,US,2021-12-10 18:09:26
188,Lata,40.1629,-8.3327,55.92,97,91,5.68,PT,2021-12-10 18:09:26
189,Paracuru,-3.41,-39.0306,87.82,59,93,13.67,BR,2021-12-10 18:09:27
190,Vega De Alatorre,20.0333,-96.6333,83.17,65,4,12.08,MX,2021-12-10 18:09:27
191,Avarua,-21.2078,-159.775,77.05,94,94,1.14,CK,2021-12-10 18:09:27
192,Klaksvik,62.2266,-6.589,34.72,77,58,16.89,FO,2021-12-10 18:09:28
193,Pacific Grove,36.6177,-121.9166,53.71,75,1,3.0,US,2021-12-10 18:09:28
194,San Policarpo,12.1791,125.5072,79.86,88,100,11.9,PH,2021-12-10 18:09:28
195,Port Moresby,-9.4431,147.1797,76.32,86,100,3.49,PG,2021-12-10 18:09:29
196,Birao,10.2849,22.7882,77.54,20,30,6.11,CF,2021-12-10 18:09:29
197,Lasa,46.6166,10.7002,29.14,93,100,3.53,IT,2021-12-10 18:09:30
198,Hirara,24.8,125.2833,72.7,56,31,16.44,JP,2021-12-10 18:09:30
199,Karratha,-20.7377,116.8463,85.42,62,18,8.72,AU,2021-12-10 18:09:30
200,Luderitz,-26.6481,15.1594,63.75,83,0,13.58,NA,2021-12-10 18:09:31
201,Beringovskiy,63.05,179.3167,-16.33,96,52,7.47,RU,2021-12-10 18:09:31
202,Brae,60.3964,-1.353,42.71,88,100,5.93,GB,2021-12-10 18:09:31
203,Bardiyah,31.7561,25.0865,63.82,45,0,5.21,LY,2021-12-10 18:09:32
204,Ikalamavony,-21.15,46.5833,75.07,67,91,4.05,MG,2021-12-10 18:09:32
205,Portland,45.5234,-122.6762,43.99,92,90,1.99,US,2021-12-10 18:06:53
206,Alekseyevsk,57.8406,108.3492,3.43,93,100,7.27,RU,2021-12-10 18:09:33
207,Fortuna,40.5982,-124.1573,44.94,70,25,1.99,US,2021-12-10 18:09:33
208,Pansemal,21.65,74.7,73.26,49,3,4.14,IN,2021-12-10 18:09:33
209,Artesia,33.8658,-118.0831,62.15,66,1,1.01,US,2021-12-10 18:09:34
210,Belyy Yar,53.6039,91.3903,19.29,68,0,4.47,RU,2021-12-10 18:09:34
211,Taksimo,56.3444,114.8794,-5.66,92,100,0.78,RU,2021-12-10 18:09:34
212,Altus,34.6381,-99.334,80.11,27,1,11.01,US,2021-12-10 18:09:35
213,Tarko-Sale,64.9225,77.785,14.14,92,100,19.77,RU,2021-12-10 18:05:39
214,Auki,-8.7676,160.7034,78.42,89,99,4.88,SB,2021-12-10 18:09:35
215,Chokurdakh,70.6333,147.9167,-46.91,100,68,3.22,RU,2021-12-10 18:09:35
216,Coahuayana,18.7333,-103.6833,90.88,40,13,5.01,MX,2021-12-10 18:09:36
217,Hay River,60.8156,-115.7999,-4.04,77,90,2.3,CA,2021-12-10 18:09:36
218,Yellowknife,62.456,-114.3525,-5.71,96,74,1.25,CA,2021-12-10 18:09:37
219,Algarrobo,10.1869,-74.5753,92.86,43,78,4.7,CO,2021-12-10 18:09:37
220,Cleethorpes,53.5605,-0.0323,41.25,81,61,12.82,GB,2021-12-10 18:09:37
221,Bluefield,37.2698,-81.2223,59.76,82,90,4.61,US,2021-12-10 18:09:38
222,Quatre Cocos,-20.2078,57.7625,78.1,68,97,12.26,MU,2021-12-10 18:09:38
223,Port Lincoln,-34.7333,135.8667,56.57,81,76,12.26,AU,2021-12-10 18:09:38
224,Sangar,63.9242,127.4739,-9.22,91,100,11.79,RU,2021-12-10 18:09:39
225,Clyde River,70.4692,-68.5914,-14.69,92,90,3.87,CA,2021-12-10 18:09:39
226,Goderich,43.7501,-81.7165,41.04,84,94,4.09,CA,2021-12-10 18:09:39
227,Digby,44.6169,-65.7655,25.59,66,100,7.92,CA,2021-12-10 18:05:42
228,Port Macquarie,-31.4333,152.9167,59.9,76,34,13.04,AU,2021-12-10 18:10:40
229,Tondano,1.3038,124.9112,71.69,90,50,2.24,ID,2021-12-10 18:10:40
230,Puerto Leguizamo,-0.1934,-74.7819,87.55,63,85,2.3,CO,2021-12-10 18:10:41
231,Mahon,39.8885,4.2658,52.36,93,75,4.61,ES,2021-12-10 18:10:41
232,Kaitangata,-46.2817,169.8464,56.93,77,100,3.74,NZ,2021-12-10 18:10:41
233,Praia Da Vitoria,38.7333,-27.0667,63.75,88,46,12.21,PT,2021-12-10 18:10:42
234,Vestmanna,62.1564,-7.1664,32.92,93,20,2.3,FO,2021-12-10 18:10:42
235,Port Blair,11.6667,92.75,79.36,79,5,10.56,IN,2021-12-10 18:10:42
236,Tura,25.5198,90.2201,60.67,54,0,2.53,IN,2021-12-10 18:10:43
237,Aransas Pass,27.9095,-97.15,86.22,86,40,17.0,US,2021-12-10 18:10:43
238,Murray Bridge,-35.1167,139.2667,58.69,78,12,4.38,AU,2021-12-10 18:10:43
239,Sur,22.5667,59.5289,72.91,56,0,6.35,OM,2021-12-10 18:10:44
240,Oranjemund,-28.55,16.4333,64.2,83,0,8.61,NA,2021-12-10 18:10:44
241,Ixtapa,20.7,-105.2,81.63,42,40,2.3,MX,2021-12-10 18:10:44
242,Niquelandia,-14.4739,-48.4597,81.79,72,89,3.2,BR,2021-12-10 18:10:45
243,Tessalit,20.1986,1.0114,73.72,7,100,9.73,ML,2021-12-10 18:10:45
244,Bubaque,11.2833,-15.8333,81.32,66,100,8.88,GW,2021-12-10 18:10:45
245,Temyasovo,52.9933,58.1014,-0.04,89,93,3.69,RU,2021-12-10 18:10:46
246,Port-Gentil,-0.7193,8.7815,81.81,78,43,6.46,GA,2021-12-10 18:10:46
247,Miguel Pereira,-22.4539,-43.4689,71.53,71,36,5.39,BR,2021-12-10 18:10:46
248,Matay,28.419,30.7792,65.34,37,92,3.78,EG,2021-12-10 18:10:47
249,Iberia,29.9502,-91.7507,81.01,78,90,17.27,US,2021-12-10 18:10:39
250,Turbo,8.0937,-76.7269,84.02,72,45,9.06,CO,2021-12-10 18:10:47
251,Oboyan,51.2098,36.2792,35.92,82,100,14.07,RU,2021-12-10 18:10:47
252,Cidreira,-30.1811,-50.2056,71.02,58,5,9.42,BR,2021-12-10 18:10:48
253,Sechura,-5.5569,-80.8222,78.84,59,78,8.75,PE,2021-12-10 18:10:48
254,Kavaratti,10.5669,72.642,82.27,74,16,4.41,IN,2021-12-10 18:10:49
255,Yvetot,49.6174,0.7581,45.73,79,12,17.45,FR,2021-12-10 18:10:49
256,College,64.8569,-147.8028,12.58,82,75,6.91,US,2021-12-10 18:10:49
257,Touros,-5.1989,-35.4608,88.7,64,68,14.81,BR,2021-12-10 18:08:03
258,Dingle,10.9995,122.6711,76.26,93,100,11.07,PH,2021-12-10 18:10:50
259,Tazovskiy,67.4667,78.7,0.28,96,100,19.06,RU,2021-12-10 18:10:50
260,Chuy,-33.6971,-53.4616,72.0,55,39,12.35,UY,2021-12-10 18:10:50
261,Montepuez,-13.1256,38.9997,75.87,64,41,9.82,MZ,2021-12-10 18:10:51
262,Champerico,14.3,-91.9167,94.77,70,8,5.95,GT,2021-12-10 18:10:51
263,Hamilton,39.1834,-84.5333,58.12,85,90,1.01,US,2021-12-10 18:09:46
264,Norwich,52.6278,1.2983,41.88,83,0,1.99,GB,2021-12-10 18:10:52
265,Teeli,51.0333,90.2333,-0.53,76,28,2.75,RU,2021-12-10 18:10:52
266,Waitati,-45.75,170.5667,53.8,92,100,6.35,NZ,2021-12-10 18:10:52
267,Vila Velha,-20.3297,-40.2925,82.35,81,40,3.0,BR,2021-12-10 18:10:53
268,Maningrida,-12.0667,134.2667,75.54,88,100,3.96,AU,2021-12-10 18:10:53
269,Mayo,38.8876,-76.5119,55.67,64,1,5.99,US,2021-12-10 18:10:53
270,Tigil,57.8,158.6667,21.87,97,100,1.97,RU,2021-12-10 18:10:54
271,Calvinia,-31.4707,19.776,67.3,38,0,11.43,ZA,2021-12-10 18:10:54
272,Azangaro,-14.9167,-70.2167,58.51,50,100,6.82,PE,2021-12-10 18:10:55
273,Mitu,1.1983,-70.1733,91.69,46,86,4.97,CO,2021-12-10 18:09:13
274,Challapata,-18.9,-66.7667,49.84,76,86,2.98,BO,2021-12-10 18:11:55
275,Verkhnevilyuysk,63.4453,120.3167,-4.92,97,100,4.16,RU,2021-12-10 18:11:55
276,Castelvetro Di Modena,44.5058,10.9464,41.67,97,100,4.56,IT,2021-12-10 18:11:56
277,Bokovskaya,49.229,41.8306,30.4,87,29,5.97,RU,2021-12-10 18:11:56
278,Atikokan,48.7555,-91.6216,25.59,83,85,6.53,CA,2021-12-10 18:11:56
279,Kizukuri,40.8061,140.3861,42.94,82,100,3.74,JP,2021-12-10 18:11:57
280,Alofi,-19.0595,-169.9187,76.24,81,100,12.57,NU,2021-12-10 18:11:57
281,Cotonou,6.3654,2.4183,82.35,76,54,9.86,BJ,2021-12-10 18:11:57
282,Tabatinga,-4.2525,-69.9381,77.09,88,75,4.61,BR,2021-12-10 18:11:58
283,Mananjary,-21.2167,48.3333,77.59,82,100,8.93,MG,2021-12-10 18:11:58
284,Bay Roberts,47.5999,-53.2648,28.51,65,47,8.99,CA,2021-12-10 18:07:41
285,Ormara,25.2088,64.6357,73.09,51,57,7.11,PK,2021-12-10 18:11:59
286,Camana,-16.6228,-72.7111,71.47,69,11,8.28,PE,2021-12-10 18:11:59
287,Sarankhola,22.3082,89.7897,67.87,73,0,3.91,BD,2021-12-10 18:11:59
288,Mokhsogollokh,61.4681,128.9203,-8.43,100,100,1.5,RU,2021-12-10 18:12:00
289,Hanzhong,33.0728,107.0303,45.7,93,100,0.94,CN,2021-12-10 18:12:00
290,Porosozero,62.7191,32.727,9.41,84,65,7.4,RU,2021-12-10 18:12:00
291,Kiunga,-6.1219,141.2906,73.58,100,93,1.79,PG,2021-12-10 18:12:01
292,Birjand,32.8663,59.2211,48.31,21,9,0.69,IR,2021-12-10 18:12:01
293,Sioux Lookout,50.1001,-91.917,24.04,86,16,8.39,CA,2021-12-10 18:12:01
294,Eisenerz,47.5333,14.8833,27.19,98,92,3.36,AT,2021-12-10 18:12:02
295,Camacupa,-12.0167,17.4833,65.25,87,52,2.73,AO,2021-12-10 18:12:02
296,Adrar,20.5022,-10.0711,73.69,9,94,10.89,MR,2021-12-10 18:12:02
297,Boyolangu,-8.1181,111.8935,76.53,90,100,3.18,ID,2021-12-10 18:12:03
298,Tawang,27.5833,91.8667,31.64,72,26,4.61,IN,2021-12-10 18:12:03
299,Wenchi,7.7392,-2.1046,82.53,20,52,3.27,GH,2021-12-10 18:12:03
300,Agadir,30.4202,-9.5982,66.65,46,0,6.29,MA,2021-12-10 18:12:04
301,Saint Anthony,45.0205,-93.218,31.24,83,90,1.99,US,2021-12-10 18:12:04
302,Gamba,-2.65,10.0,78.6,88,100,4.56,GA,2021-12-10 18:12:04
303,Coihaique,-45.5752,-72.0662,74.01,38,40,9.22,CL,2021-12-10 18:12:05
304,Sobolevo,54.4299,31.8996,33.4,95,100,17.65,RU,2021-12-10 18:12:05
305,Oistins,13.0667,-59.5333,84.29,61,40,19.57,BB,2021-12-10 18:12:05
306,Paracatu,-17.2222,-46.8747,83.32,53,63,1.72,BR,2021-12-10 18:12:06
307,Moussoro,13.6408,16.4901,80.44,10,38,11.5,TD,2021-12-10 18:12:06
308,Longyearbyen,78.2186,15.6401,30.04,74,40,13.8,SJ,2021-12-10 18:12:07
309,Merauke,-8.4667,140.3333,77.13,92,99,3.24,ID,2021-12-10 18:12:07
310,Salalah,17.0151,54.0924,80.69,24,0,10.36,OM,2021-12-10 18:12:07
311,Tavda,58.0425,65.2726,19.92,94,97,6.96,RU,2021-12-10 18:12:08
312,Waingapu,-9.6567,120.2641,79.65,85,99,5.44,ID,2021-12-10 18:12:08
313,Port Augusta,-32.5,137.7667,53.74,53,9,6.02,AU,2021-12-10 18:12:08
314,Fare,-16.7,-151.0167,80.74,67,83,13.76,PF,2021-12-10 18:12:09
315,Jepelacio,-6.1167,-76.95,76.8,76,88,3.67,PE,2021-12-10 18:12:09
316,Nanortalik,60.1432,-45.2371,27.73,79,100,5.37,GL,2021-12-10 18:12:09
317,Khandyga,62.6667,135.6,-9.56,99,100,2.37,RU,2021-12-10 18:12:10
318,Nouadhibou,20.931,-17.0347,68.11,65,17,13.69,MR,2021-12-10 18:12:10
319,Ostrovnoy,68.0531,39.5131,19.26,75,99,22.64,RU,2021-12-10 18:13:10
320,Iqaluit,63.7506,-68.5145,-8.09,100,80,11.95,CA,2021-12-10 18:13:11
321,Hambantota,6.1241,81.1185,78.84,82,99,14.63,LK,2021-12-10 18:13:11
322,Perleberg,53.0667,11.8667,34.99,91,100,5.06,DE,2021-12-10 18:13:11
323,Flinders,-34.5833,150.8552,60.21,78,95,17.49,AU,2021-12-10 18:13:12
324,Muzhi,65.3667,64.6667,7.9,75,100,18.95,RU,2021-12-10 18:13:12
325,Luwuk,-0.9516,122.7875,78.57,81,97,3.87,ID,2021-12-10 18:13:12
326,Carnot,4.9409,15.8665,81.43,29,58,3.62,CF,2021-12-10 18:13:13
327,Saint George,37.1041,-113.5841,45.07,44,1,1.01,US,2021-12-10 18:13:13
328,Stepnoye,51.4,46.8667,31.89,89,73,13.09,RU,2021-12-10 18:13:13
329,Grand Gaube,-20.0064,57.6608,78.39,69,100,4.0,MU,2021-12-10 18:13:14
330,Codrington,-38.2667,141.9667,55.27,69,100,10.11,AU,2021-12-10 18:13:14
331,Whitehorse,60.7161,-135.0538,20.17,86,75,13.8,CA,2021-12-10 18:11:02
332,Mardin,37.3131,40.7436,41.47,68,0,4.32,TR,2021-12-10 18:13:14
333,Bilma,18.6853,12.9164,68.04,9,83,11.92,NE,2021-12-10 18:13:15
334,Conthey,46.2253,7.3037,40.96,100,75,2.3,CH,2021-12-10 18:13:15
335,Byron Bay,-28.65,153.6167,62.87,69,0,10.78,AU,2021-12-10 18:13:16
336,Sitka,57.0531,-135.33,39.09,65,75,27.63,US,2021-12-10 18:13:16
337,Ustka,54.5805,16.8619,32.61,86,76,11.95,PL,2021-12-10 18:13:16
338,Mandawar,29.5,78.1333,56.32,56,0,6.73,IN,2021-12-10 18:13:17
339,Ahvaz,31.3203,48.6693,60.75,67,72,2.3,IR,2021-12-10 18:13:17
340,Zhuhai,22.2769,113.5678,69.98,78,20,6.91,CN,2021-12-10 18:13:17
341,Komsomolskiy,40.4272,71.7189,33.22,74,59,6.91,UZ,2021-12-10 18:13:18
342,Lovozero,68.005,35.0117,13.91,81,100,5.23,RU,2021-12-10 18:13:18
343,Dargaville,-35.9333,173.8833,60.12,89,68,3.2,NZ,2021-12-10 18:13:18
344,Bereda,43.2686,-7.5406,51.91,98,79,2.57,ES,2021-12-10 18:13:19
345,Larap,14.299,122.6504,77.04,89,69,14.97,PH,2021-12-10 18:13:19
346,San Cristobal,7.7669,-72.225,71.78,55,80,2.13,VE,2021-12-10 18:13:19
347,Soure,-0.7167,-48.5233,82.85,77,79,13.02,BR,2021-12-10 18:13:20
348,Grand-Lahou,5.1367,-5.0242,81.7,79,48,8.3,CI,2021-12-10 18:13:20
349,Kodiak,57.79,-152.4072,27.91,54,75,20.71,US,2021-12-10 18:13:20
350,Antofagasta,-23.65,-70.4,65.48,64,67,8.84,CL,2021-12-10 18:12:20
351,Wittstock,53.1612,12.4829,33.53,98,100,4.29,DE,2021-12-10 18:13:21
352,Houma,29.5958,-90.7195,82.4,80,75,18.41,US,2021-12-10 18:08:50
353,Komyshuvakha,47.7176,35.5288,47.34,88,92,14.79,UA,2021-12-10 18:13:21
354,Ostroh,50.3294,26.5143,39.7,100,100,8.03,UA,2021-12-10 18:13:22
355,Ferrol,43.4832,-8.2369,56.26,74,92,10.04,ES,2021-12-10 18:13:22
356,Mollendo,-17.0231,-72.0147,70.9,67,83,9.17,PE,2021-12-10 18:13:22
357,Ulaangom,49.9811,92.0667,0.79,70,84,5.1,MN,2021-12-10 18:13:23
358,Mount Darwin,-16.7725,31.5838,77.31,32,5,5.32,ZW,2021-12-10 18:13:23
359,Saint-Augustin,51.226,-58.6502,19.0,44,0,12.57,CA,2021-12-10 18:13:23
360,Sindor,62.8629,51.8905,6.17,95,77,6.69,RU,2021-12-10 18:13:24
361,Honavar,14.2833,74.45,77.94,64,3,7.31,IN,2021-12-10 18:13:24
362,Halifax,44.6453,-63.5724,28.22,76,98,1.01,CA,2021-12-10 18:09:12
363,Mudhol,16.35,75.2833,74.82,71,100,6.49,IN,2021-12-10 18:13:25
364,Calabozo,8.9242,-67.4293,95.47,30,99,8.43,VE,2021-12-10 18:13:25
365,Qalyub,30.1792,31.2056,66.99,55,99,8.14,EG,2021-12-10 18:13:25
366,Vostok,46.4856,135.8833,26.98,99,100,3.2,RU,2021-12-10 18:13:26
367,Kloulklubed,7.0419,134.2556,79.3,72,89,6.49,PW,2021-12-10 18:14:26
368,Geraldton,-28.7667,114.6,68.13,77,75,8.05,AU,2021-12-10 18:14:26
369,Sao Gabriel Da Cachoeira,-0.1303,-67.0892,82.49,86,95,0.67,BR,2021-12-10 18:14:27
370,Kawai,34.2333,135.85,43.95,91,2,1.86,JP,2021-12-10 18:14:27
371,Killybegs,54.6333,-8.45,47.91,70,85,16.71,IE,2021-12-10 18:14:27
372,Eyl,7.9803,49.8164,76.48,70,8,20.29,SO,2021-12-10 18:14:28
373,Dunedin,-45.8742,170.5036,53.8,92,100,4.0,NZ,2021-12-10 18:14:28
374,Ballina,-28.8667,153.5667,59.77,73,0,10.54,AU,2021-12-10 18:14:28
375,Kahului,20.8947,-156.47,72.66,88,20,4.61,US,2021-12-10 18:09:41
376,Tahe,52.3333,124.7333,8.44,97,100,2.13,CN,2021-12-10 18:14:29
377,Daru,-9.0763,143.2092,78.3,89,95,6.8,PG,2021-12-10 18:14:29
378,Marapanim,-0.7175,-47.6997,81.46,86,65,7.34,BR,2021-12-10 18:14:30
379,Machiques,10.0644,-72.545,93.25,37,55,12.55,VE,2021-12-10 18:14:30
380,Cap Malheureux,-19.9842,57.6142,78.48,69,100,4.0,MU,2021-12-10 18:14:30
381,Izazi,-7.2,35.7333,80.67,41,70,7.27,TZ,2021-12-10 18:14:31
382,Hervey Bay,-25.2986,152.8535,73.04,91,1,1.01,AU,2021-12-10 18:14:31
383,Olafsvik,64.8945,-23.7142,34.74,76,41,8.25,IS,2021-12-10 18:14:31
384,Troitsko-Pechorsk,62.7084,56.1964,12.38,89,81,9.42,RU,2021-12-10 18:14:32
385,Sakakah,29.9697,40.2064,56.95,47,97,10.2,SA,2021-12-10 18:14:32
386,Gorontalo,0.5412,123.0595,76.5,95,94,2.39,ID,2021-12-10 18:14:32
387,Santiago Del Estero,-27.7951,-64.2615,84.81,33,78,7.49,AR,2021-12-10 18:14:33
388,Lepe,37.2548,-7.2043,61.11,77,56,10.36,ES,2021-12-10 18:09:47
389,Jalu,29.0331,21.5482,58.3,28,0,7.83,LY,2021-12-10 18:14:33
390,Kiama,-34.6833,150.8667,59.45,77,98,7.0,AU,2021-12-10 18:14:34
391,Garowe,8.4054,48.4845,73.09,53,33,19.24,SO,2021-12-10 18:14:34
392,Nantucket,41.2835,-70.0995,48.04,79,100,9.15,US,2021-12-10 18:11:04
393,El Alto,-4.2714,-81.2147,80.26,73,94,10.42,PE,2021-12-10 18:14:35
394,Bambous Virieux,-20.3428,57.7575,78.22,69,88,11.95,MU,2021-12-10 18:14:35
395,Sandakan,5.8402,118.1179,76.39,91,100,2.17,MY,2021-12-10 18:14:35
396,Zhicheng,30.2956,111.5047,50.9,79,100,5.32,CN,2021-12-10 18:14:36
397,San Jose,37.3394,-121.895,54.48,72,20,0.0,US,2021-12-10 18:12:30
398,Humaita,-7.5061,-63.0208,84.22,64,85,6.04,BR,2021-12-10 18:10:44
399,Voh,-20.9667,164.7,78.13,86,100,4.32,NC,2021-12-10 18:14:36
400,Leningradskiy,69.3833,178.4167,-19.57,88,98,19.15,RU,2021-12-10 18:14:37
401,Raga,8.4596,25.678,80.65,24,9,3.53,SS,2021-12-10 18:14:37
402,Itarema,-2.9248,-39.9167,86.65,58,86,14.85,BR,2021-12-10 18:14:37
403,Irbeyskoye,55.6428,95.4522,9.88,89,100,12.08,RU,2021-12-10 18:14:38
404,Felanitx,39.4696,3.1483,63.12,54,99,30.74,ES,2021-12-10 18:12:40
405,Banjar,-8.19,114.9675,84.06,88,56,5.59,ID,2021-12-10 18:14:38
406,Mecca,21.4267,39.8261,75.18,65,31,1.43,SA,2021-12-10 18:12:16
407,Chinsali,-10.5414,32.0816,77.43,32,54,6.69,ZM,2021-12-10 18:14:38
408,Bengkulu,-3.8004,102.2655,75.58,92,100,2.15,ID,2021-12-10 18:14:39
409,Petropavlovsk-Kamchatskiy,53.0452,158.6483,22.78,100,64,9.24,RU,2021-12-10 18:14:39
410,Tres Arroyos,-38.3739,-60.2798,76.64,50,91,9.91,AR,2021-12-10 18:14:39
411,Natal,-5.795,-35.2094,88.45,58,40,18.41,BR,2021-12-10 18:14:40
412,Raudeberg,61.9875,5.1352,38.07,63,50,1.01,NO,2021-12-10 18:14:40
413,Nelspruit,-25.4745,30.9703,74.84,70,87,1.21,ZA,2021-12-10 18:14:40
414,Gainesville,29.6516,-82.3248,81.79,70,1,1.01,US,2021-12-10 18:13:37
415,Kaeo,-35.1,173.7833,63.32,95,67,2.95,NZ,2021-12-10 18:14:41
416,Kodinsk,58.6881,99.1844,1.26,93,100,9.91,RU,2021-12-10 18:15:41
417,Beyneu,45.3167,55.2,39.18,90,100,16.53,KZ,2021-12-10 18:15:42
418,Bataysk,47.1398,39.7518,48.88,61,96,9.13,RU,2021-12-10 18:15:42
419,Bossangoa,6.4926,17.4552,80.94,26,45,3.53,CF,2021-12-10 18:15:43
420,Abu Samrah,35.3029,37.1841,54.88,59,39,8.41,SY,2021-12-10 18:15:43
421,Chotila,22.4167,71.1833,75.25,50,0,8.81,IN,2021-12-10 18:15:43
422,Mizdah,31.4451,12.9801,50.02,36,0,10.16,LY,2021-12-10 18:15:44
423,Jiangyou,31.7667,104.7167,49.41,91,100,0.47,CN,2021-12-10 18:15:44
424,Dicabisagan,17.0818,122.4157,74.71,84,88,7.34,PH,2021-12-10 18:15:44
425,Naze,28.3667,129.4833,63.09,63,15,7.92,JP,2021-12-10 18:15:45
426,Rabo De Peixe,37.8,-25.5833,65.28,96,20,6.91,PT,2021-12-10 18:15:45
427,Mormugao,15.4,73.8,80.53,70,72,5.64,IN,2021-12-10 18:15:45
428,Celestun,20.8667,-90.4,84.7,59,22,2.46,MX,2021-12-10 18:15:46
429,Omsukchan,62.5333,155.8,-23.71,72,34,2.13,RU,2021-12-10 18:15:46
430,Grindavik,63.8424,-22.4338,32.47,74,0,6.91,IS,2021-12-10 18:15:46
431,Christchurch,-43.5333,172.6333,61.03,93,90,1.01,NZ,2021-12-10 18:15:47
432,Shimoda,34.6667,138.95,44.1,74,68,1.21,JP,2021-12-10 18:15:47
433,Souillac,-20.5167,57.5167,78.37,78,40,5.75,MU,2021-12-10 18:15:47
434,Pacifica,37.6138,-122.4869,54.34,65,1,1.01,US,2021-12-10 18:15:26
435,Leisure City,25.4954,-80.4292,84.99,70,40,11.5,US,2021-12-10 18:13:43
436,Kieta,-6.2167,155.6333,79.38,85,100,3.85,PG,2021-12-10 18:15:48
437,Oktyabrskiy,54.4815,53.471,21.49,95,100,10.27,RU,2021-12-10 18:15:48
438,Nelson Bay,-32.7167,152.15,63.1,71,95,3.0,AU,2021-12-10 18:15:49
439,Les Cayes,18.2,-73.75,86.7,50,0,7.18,HT,2021-12-10 18:15:49
440,Pasaco,13.9772,-90.2064,94.21,29,2,7.52,GT,2021-12-10 18:15:49
441,Vardo,70.3705,31.1107,24.78,86,75,24.16,NO,2021-12-10 18:15:50
442,Sulphur,30.2366,-93.3774,81.21,81,90,18.41,US,2021-12-10 18:15:50
443,Pipraich,26.8264,83.53,59.05,41,0,5.88,IN,2021-12-10 18:15:51
444,Taltal,-25.4,-70.4833,64.2,74,37,4.59,CL,2021-12-10 18:15:51
445,Chivolo,10.025,-74.6228,92.84,38,88,4.09,CO,2021-12-10 18:15:51
446,Kurumkan,54.3,110.3,6.42,95,98,1.43,RU,2021-12-10 18:15:52
447,Solnechnyy,50.7214,136.6319,20.1,94,100,4.72,RU,2021-12-10 18:15:52
448,Kyaikkami,16.08,97.5675,78.01,67,26,6.02,MM,2021-12-10 18:15:52
449,Oranjestad,12.524,-70.027,85.95,62,20,8.99,AW,2021-12-10 18:15:53
450,Nueva Gorgona,8.55,-79.8667,89.71,65,7,10.67,PA,2021-12-10 18:15:53
451,Polyarnyy,69.1989,33.4478,14.47,78,100,13.51,RU,2021-12-10 18:15:53
452,Burgersdorp,-30.9977,26.3286,65.8,63,93,14.72,ZA,2021-12-10 18:15:54
453,Boke,10.9409,-14.2967,87.28,45,100,3.96,GN,2021-12-10 18:15:54
454,Guarapari,-20.6667,-40.4975,82.29,75,21,8.93,BR,2021-12-10 18:15:54
455,Prescott,34.54,-112.4685,45.9,71,75,3.0,US,2021-12-10 18:12:34
456,Salihorsk,52.7876,27.5415,38.07,96,100,18.28,BY,2021-12-10 18:15:55
457,Victoria Point,-27.5833,153.3,64.62,79,0,1.99,AU,2021-12-10 18:15:55
458,Nagua,19.3832,-69.8474,84.51,83,75,20.71,DO,2021-12-10 18:15:56
459,Cherrapunji,25.3,91.7,49.44,76,0,4.79,IN,2021-12-10 18:15:56
460,Talnakh,69.4865,88.3972,-23.8,97,97,8.37,RU,2021-12-10 18:15:56
461,Ntcheu,-14.8203,34.6359,74.07,38,56,1.07,MW,2021-12-10 18:15:57
462,Paratinga,-12.6906,-43.1842,86.9,56,83,2.37,BR,2021-12-10 18:16:57
463,Barguzin,53.6167,109.6167,11.89,87,100,8.52,RU,2021-12-10 18:16:57
464,Grants,35.1473,-107.8514,37.63,60,75,25.32,US,2021-12-10 18:13:48
465,Shadrinsk,56.0852,63.6335,17.62,90,100,4.97,RU,2021-12-10 18:16:58
466,Sinnamary,5.3833,-52.95,78.6,89,100,8.5,GF,2021-12-10 18:16:58
467,Te Anau,-45.4167,167.7167,50.86,86,100,2.28,NZ,2021-12-10 18:16:59
468,Sungaipenuh,-2.0833,101.3833,65.21,97,100,2.68,ID,2021-12-10 18:16:59
469,Calamar,10.2511,-74.9146,87.75,50,69,6.53,CO,2021-12-10 18:16:59
470,Rio Grande,-32.035,-52.0986,75.31,62,32,12.08,BR,2021-12-10 18:15:19
471,Hami,42.8,93.45,25.54,48,29,5.32,CN,2021-12-10 18:17:00
472,Jaisalmer,26.9147,70.9181,64.09,23,72,7.65,IN,2021-12-10 18:17:00
473,Wajir,1.7471,40.0573,84.67,33,25,8.23,KE,2021-12-10 18:17:00
474,Lafayette,30.2335,-92.0668,80.98,80,90,5.01,US,2021-12-10 18:16:54
475,Murwillumbah,-28.3167,153.4,62.94,82,0,5.75,AU,2021-12-10 18:17:01
476,Aripuana,-9.1667,-60.6333,87.03,64,99,4.52,BR,2021-12-10 18:12:27
477,Asfi,32.2994,-9.2372,61.97,72,0,22.95,MA,2021-12-10 18:17:01
478,Enshi,30.3,109.4833,51.51,98,100,1.07,CN,2021-12-10 18:17:02
479,Buldana,20.5333,76.1833,66.24,52,1,3.87,IN,2021-12-10 18:17:02
480,Axim,4.8699,-2.2405,81.19,81,70,9.44,GH,2021-12-10 18:17:03
481,Noyabrsk,63.1994,75.4507,18.0,93,100,19.28,RU,2021-12-10 18:14:55
482,Tarakan,3.3,117.6333,78.3,89,40,2.3,ID,2021-12-10 18:17:03
483,Biltine,14.5333,20.9167,79.25,14,3,8.88,TD,2021-12-10 18:17:03
484,Dolgoderevenskoye,55.3444,61.3444,10.74,85,0,2.24,RU,2021-12-10 18:17:04
485,Derzhavinsk,51.1,66.3167,17.46,76,100,9.89,KZ,2021-12-10 18:17:04
486,Teluk Nibung,3.001,99.8164,75.97,93,100,3.94,ID,2021-12-10 18:17:04
487,Upernavik,72.7868,-56.1549,0.39,86,84,6.53,GL,2021-12-10 18:17:05
488,Vallenar,-28.5708,-70.7581,78.91,30,10,13.94,CL,2021-12-10 18:15:16
489,Bodden Town,19.2833,-81.25,84.2,74,40,11.99,KY,2021-12-10 18:17:05
490,Gasa,31.5,34.4667,67.17,45,85,5.23,PS,2021-12-10 18:17:06
491,Isla Mujeres,21.2311,-86.731,84.25,70,20,14.83,MX,2021-12-10 18:17:06
492,Beidao,34.5686,105.8933,39.4,92,98,2.26,CN,2021-12-10 18:17:06
493,Iquitos,-3.7481,-73.2472,80.64,89,75,2.3,PE,2021-12-10 18:17:07
494,Harper,4.375,-7.7169,81.7,76,55,8.34,LR,2021-12-10 18:17:07
495,Skelleftea,64.7507,20.9528,25.16,69,90,2.3,SE,2021-12-10 18:17:07
496,Maldonado,-34.6667,-54.9167,76.39,40,91,13.82,UY,2021-12-10 18:17:08
497,Mount Vernon,40.9126,-73.8371,53.11,58,90,1.01,US,2021-12-10 18:15:02
498,Sooke,48.3746,-123.7276,44.28,86,100,13.8,CA,2021-12-10 18:17:08
499,Tuatapere,-46.1333,167.6833,55.81,88,100,2.46,NZ,2021-12-10 18:17:08
500,Kalispell,48.1958,-114.3129,28.67,72,40,10.0,US,2021-12-10 18:17:09
501,Tevaitoa,-16.7833,-151.5,81.3,67,67,14.29,PF,2021-12-10 18:17:09
502,Jerome,42.7241,-114.5186,31.55,72,1,20.71,US,2021-12-10 18:17:09
503,Tilichiki,60.4667,166.1,-15.41,88,69,9.13,RU,2021-12-10 18:17:10
504,Shelburne,44.0787,-80.2041,37.85,92,100,8.21,CA,2021-12-10 18:16:39
505,Thio,-21.6167,166.2167,80.56,85,99,7.85,NC,2021-12-10 18:17:10
506,Botou,38.0667,116.5667,42.55,45,100,1.21,CN,2021-12-10 18:17:11
507,Vanimo,-2.6741,141.3028,79.65,89,100,8.63,PG,2021-12-10 18:17:11
508,Honningsvag,70.9821,25.9704,29.95,74,40,11.5,NO,2021-12-10 18:17:12
509,San Quintin,30.4833,-115.95,60.87,53,6,12.48,MX,2021-12-10 18:17:12
510,Tuburan,6.6439,122.2736,77.09,80,87,3.96,PH,2021-12-10 18:18:12
511,Sarangani,5.4033,125.4636,82.81,76,77,11.07,PH,2021-12-10 18:18:13
512,Los Llanos De Aridane,28.6585,-17.9182,64.15,70,75,18.99,ES,2021-12-10 18:18:13
513,Wahiawa,21.5028,-158.0236,73.8,77,70,10.33,US,2021-12-10 18:18:13
514,Emerald,-23.5333,148.1667,70.99,49,0,13.02,AU,2021-12-10 18:18:14
515,Catio,11.2833,-15.25,83.48,56,100,7.9,GW,2021-12-10 18:18:14
516,Saint-Pierre,-21.3393,55.4781,78.48,70,20,14.97,RE,2021-12-10 18:18:14
517,Jodhpur,26.2867,73.03,61.77,27,85,9.15,IN,2021-12-10 18:18:15
518,Catamarca,-28.4696,-65.7852,79.05,62,83,2.24,AR,2021-12-10 18:18:15
519,Tignere,7.3667,12.65,72.46,24,10,4.7,CM,2021-12-10 18:18:15
520,Remedios,22.4947,-79.5458,83.32,65,6,16.44,CU,2021-12-10 18:18:16
521,Havre-Saint-Pierre,50.2334,-63.5986,19.99,53,1,4.61,CA,2021-12-10 18:18:16
522,Iralaya,15.0,-83.2333,86.09,66,63,12.44,HN,2021-12-10 18:18:16
523,Umba,66.6871,34.3429,18.73,81,100,10.8,RU,2021-12-10 18:18:17
524,Nizhneangarsk,55.7833,109.55,1.81,76,95,12.1,RU,2021-12-10 18:18:17
525,Canto Do Buriti,-8.11,-42.9444,88.74,55,60,1.07,BR,2021-12-10 18:18:17
526,Aklavik,68.2191,-135.0107,-1.37,77,75,6.91,CA,2021-12-10 18:18:18
527,Port Hardy,50.6996,-127.4199,45.75,93,90,10.36,CA,2021-12-10 18:18:18
528,Severo-Yeniseyskiy,60.3725,93.0408,-14.08,100,84,4.56,RU,2021-12-10 18:18:18
529,Marawi,7.9986,124.2928,68.65,96,100,1.07,PH,2021-12-10 18:18:19
530,San Jeronimo,-11.9472,-75.2829,65.01,49,99,3.91,PE,2021-12-10 18:18:19
531,Goba,7.0167,39.9833,46.74,33,4,4.65,ET,2021-12-10 18:18:19
532,Denpasar,-8.65,115.2167,83.86,79,40,10.36,ID,2021-12-10 18:18:20
533,Carnduff,49.1667,-101.8009,16.38,86,79,8.3,CA,2021-12-10 18:18:20
534,Isiro,2.7739,27.616,70.77,73,100,2.55,CD,2021-12-10 18:18:20
535,Pran Buri,12.3847,99.9098,73.89,76,2,5.35,TH,2021-12-10 18:18:21
536,Port Hueneme,34.1478,-119.1951,62.87,48,1,3.44,US,2021-12-10 18:18:21
537,Seoul,37.5683,126.9778,40.44,74,92,0.94,KR,2021-12-10 18:14:35
538,Musoma,-1.5,33.8,69.76,80,83,8.46,TZ,2021-12-10 18:18:21
539,Sept-Iles,50.2001,-66.3821,16.05,68,90,1.99,CA,2021-12-10 18:18:02
540,Cervo,43.6702,-7.4101,56.97,83,98,14.85,ES,2021-12-10 18:18:22
541,Udachnyy,66.4167,112.4,-11.96,95,100,15.9,RU,2021-12-10 18:18:22
542,Puerto Maldonado,-12.6,-69.1833,88.2,62,20,4.61,PE,2021-12-10 18:18:23
543,Osakarovka,50.565,72.5692,13.15,63,19,9.01,KZ,2021-12-10 18:18:23
544,Upata,8.0086,-62.3989,80.49,72,100,7.31,VE,2021-12-10 18:18:23
545,Luorong,24.4058,109.6086,59.81,76,2,3.47,CN,2021-12-10 18:18:24
546,Carutapera,-1.195,-46.02,83.73,74,52,10.36,BR,2021-12-10 18:18:24
547,Superior,46.7208,-92.1041,32.02,79,90,3.44,US,2021-12-10 18:16:38
548,Swan Hill,-35.3378,143.5544,53.08,77,1,10.07,AU,2021-12-10 18:18:24
549,Jackson,42.4165,-122.8345,40.24,86,40,3.44,US,2021-12-10 18:14:19
550,Cockburn Town,21.4612,-71.1419,75.16,83,40,17.27,TC,2021-12-10 18:18:25
551,Sikonge,-5.6333,32.7667,75.83,46,78,4.56,TZ,2021-12-10 18:18:25
552,Katangli,51.7102,143.2326,28.17,89,100,6.33,RU,2021-12-10 18:18:26
553,Normandin,48.8333,-72.5321,12.51,85,100,6.91,CA,2021-12-10 18:18:26
554,Awjilah,29.1081,21.2869,59.09,24,0,7.38,LY,2021-12-10 18:18:26
555,Bambanglipuro,-7.95,110.2833,65.61,85,98,2.53,ID,2021-12-10 18:18:27
556,Viedma,-40.8135,-62.9967,83.5,30,10,8.3,AR,2021-12-10 18:18:27
557,Morro Bay,35.3658,-120.8499,58.98,61,68,3.0,US,2021-12-10 18:18:27
558,Bamenda,5.9527,10.1582,69.82,37,15,2.86,CM,2021-12-10 18:19:28
559,Matadi,-5.8167,13.45,81.14,83,66,2.24,CD,2021-12-10 18:19:28
560,Ambulu,-8.345,113.6058,76.71,89,24,2.13,ID,2021-12-10 18:19:28
561,Uyuni,-20.4597,-66.825,63.59,37,77,14.88,BO,2021-12-10 18:19:29
562,Paliyad,22.25,71.5667,70.74,50,0,9.62,IN,2021-12-10 18:19:29
563,Galion,40.7337,-82.7899,56.35,74,52,11.12,US,2021-12-10 18:19:29
564,Kutum,14.2,24.6667,69.62,18,1,7.23,SD,2021-12-10 18:19:30
565,Novoagansk,61.9449,76.6625,20.62,84,100,13.4,RU,2021-12-10 18:19:30
566,Petatlan,17.5167,-101.2667,89.4,56,70,5.35,MX,2021-12-10 18:19:31
567,Barabai,-2.5833,115.3833,74.59,98,98,2.15,ID,2021-12-10 18:19:31
568,Beliator,23.3333,87.2167,66.34,52,41,3.27,IN,2021-12-10 18:19:31
569,Orlik,52.5178,99.825,-8.07,91,91,4.16,RU,2021-12-10 18:19:32
570,Margate,51.3813,1.3862,42.96,78,79,8.99,GB,2021-12-10 18:19:32
571,Melilla,35.2937,-2.9383,64.6,77,20,21.85,ES,2021-12-10 18:19:32
572,Santa Rosa,14.3122,121.1114,78.12,77,41,11.3,PH,2021-12-10 18:19:33
573,Harqalah,36.0303,10.509,64.99,48,40,11.5,TN,2021-12-10 18:19:33
574,Trelew,-43.249,-65.3051,90.54,16,0,19.69,AR,2021-12-10 18:19:34
575,Newport,51.5877,-2.9984,43.83,77,25,11.88,GB,2021-12-10 18:19:28
576,Miracema Do Tocantins,-9.5618,-48.3967,81.09,76,100,3.62,BR,2021-12-10 18:19:34
577,Wilmington,34.2257,-77.9447,69.71,89,90,5.75,US,2021-12-10 18:19:34
578,Khor,47.8861,134.9464,29.37,98,100,6.29,RU,2021-12-10 18:19:35
